Prompt_ID,Segment,Prompt
SMB-01,SMB,Best outsourced accounting services for a small business
SMB-02,SMB,Should I hire an in-house bookkeeper or outsource bookkeeping?
SMB-03,SMB,How much does outsourced bookkeeping cost per month?
SMB-04,SMB,What does an outsourced accounting service actually do?
SMB-05,SMB,Best virtual CFO services for a growing company
SMB-06,SMB,Outsourced payroll providers for small businesses
SMB-07,SMB,How do I choose an outsourced accounting provider?
SMB-08,SMB,Is outsourced bookkeeping safe for my financial data?
SMB-09,SMB,Outsourced accounting for hospitality and restaurant businesses
SMB-10,SMB,Best accounting support for a startup with no finance team
CPA-01,CPA,Best white-label bookkeeping partner for CPA firms
CPA-02,CPA,How do CPA firms outsource bookkeeping to offshore teams?
CPA-03,CPA,White label accounting services for accounting firms
CPA-04,CPA,How much does it cost a CPA firm to outsource bookkeeping?
CPA-05,CPA,Offshore staffing options for accounting firms during busy season
CPA-06,CPA,How do accounting firms scale capacity without hiring?
CPA-07,CPA,Is outsourcing client bookkeeping ethical for a CPA firm?
CPA-08,CPA,Best offshore accounting partners for US CPA firms
CPA-09,CPA,What should a CPA firm look for in an outsourcing partner?
CPA-10,CPA,White label payroll services for accounting practices
PRB-01,Problem,How do I fix a bookkeeping backlog?
PRB-02,Problem,My books are months behind — what should I do?
PRB-03,Problem,How do I clean up messy QuickBooks records?
PRB-04,Problem,What is a month-end close checklist?
PRB-05,Problem,How do I catch up on unreconciled bank transactions?
REG-01,Regional,Outsourced accounting services in the US
REG-02,Regional,Outsourced bookkeeping services in Australia
REG-03,Regional,Bookkeeping services in Wilmington Delaware
REG-04,Regional,Accounting services for businesses in Sydney
REG-05,Regional,BAS and GST compliance support for Australian businesses
