URL,Status,Indexable,Robots,Canonical,Google_Selected_Canonical,Title,Title_Length,Meta_Description,Meta_Description_Length,H1,H1_Count,Word_Count,Internal_Inlinks,Internal_Outlinks,Outbound_Links,Images,Images_Missing_Alt,Schema_Types,Response_Time_ms,Redirect_Target
https://dosacc.com/,200,YES,,https://dosacc.com/,,DiligenceOS | Global Bookkeeping & Accounting Services,54,"DiligenceOS delivers precision bookkeeping, accounting, payroll, tax, and advisory services for ambitious businesses across the US, Australia, and beyond.",154,Precision Accounting for Ambitious Businesses,1,1106,18,55,1,0,0,Answer|FAQPage|Organization|PostalAddress|Question|WebSite,257,
https://dosacc.com/au/,200,YES,,https://dosacc.com/au/,,DiligenceOS | Accounting Services for Australian Businesses,59,"Accounting services for Australian businesses: bookkeeping, BAS & GST support, payroll, and advisory - accurate, on time, below in-house cost.",142,Expert Accounting for Australian Business,1,1063,6,57,1,0,0,,112,
https://dosacc.com/brochure/,200,YES,,https://dosacc.com/brochure,,Corporate Brochure | DiligenceOS Accounting &amp; Advisory,58,"The DiligenceOS corporate brochure: bookkeeping, tax preparation, controller services, and part-time CFO support for CPA firms and growing businesses worldwide.",160,Outsourced Accounting &amp; Bookkeeping Services for CPA Firms and Growing Businesses,1,745,0,17,0,12,0,,99,
https://dosacc.com/contact,200,YES,,https://dosacc.com/,,DiligenceOS | Global Bookkeeping & Accounting Services,54,"DiligenceOS delivers precision bookkeeping, accounting, payroll, tax, and advisory services for ambitious businesses across the US, Australia, and beyond.",154,Precision Accounting for Ambitious Businesses,1,1106,4,55,1,0,0,Answer|FAQPage|Organization|PostalAddress|Question|WebSite,100,
https://dosacc.com/education-support/,200,YES,,https://dosacc.com/education-support/,,Employee Education Support - CPA & CPE Sponsorship | DiligenceOS,64,"DiligenceOS invests in its accountants: CPA/EA/CMA certification sponsorship, paid study leave, internal academy, mentorship, and an annual learning stipend.",157,We pay for our accountants to get better,1,281,7,7,0,0,0,BreadcrumbList|ListItem|Organization|WebPage,91,
https://dosacc.com/events,200,YES,,https://dosacc.com/events,,DiligenceOS | Events - AICPA ENGAGE & Las Vegas 2026,52,DiligenceOS out in the field in 2026 - from AICPA ENGAGE (The Next Wave) to a walking tour of the Las Vegas Strip. Photo highlights from the team.,146,Where We Show Up: 2026,1,501,7,43,1,25,0,,94,
https://dosacc.com/guides/monthly-close-checklist,200,YES,,https://dosacc.com/guides/monthly-close-checklist,,The 21-Step Monthly Close Checklist (Free) | DiligenceOS,56,"The free 21-step monthly close checklist our bookkeepers use: reconciliations, accruals, payroll tie-outs, and review steps. Print it or use it on screen.",154,The 21-Step Monthly Close Checklist,1,461,12,9,0,0,0,HowTo|Organization,96,
https://dosacc.com/hospitality-accounting/,200,YES,,https://dosacc.com/hospitality-accounting/,,Hospitality Accounting &amp; Hotel Bookkeeping | DiligenceOS,60,"Hospitality accounting services: hotel bookkeeping, revenue reconciliation, night audit support, and financial reporting for hotels and hospitality groups.",155,Hospitality Accounting Services Built for Modern Hotel Operations,1,1612,6,48,1,0,0,BusinessAudience|Organization|Service,101,
https://dosacc.com/investors/,200,YES,,https://dosacc.com/investors/,,Become a Shareholder - Investor Relations | DiligenceOS,55,"Investor relations at DiligenceOS: register interest in future private rounds, see the numbers behind the business, and follow an industry market ticker.",153,Become a shareholder in DiligenceOS,1,308,7,7,0,0,0,AboutPage|BreadcrumbList|ListItem|Organization,101,
https://dosacc.com/leadership,200,YES,,https://dosacc.com/leadership,,DiligenceOS | Meet Our Leaders,30,"Meet the leadership, sales, and accounting team behind DiligenceOS Global Pvt. Ltd.",83,Meet Our Leaders,1,251,6,43,1,8,0,,89,
https://dosacc.com/news/,200,YES,,https://dosacc.com/news/,,Accounting Intelligence Center - Live Industry Briefing | DiligenceOS,69,"A live accounting intelligence dashboard: real-time industry news across the United States and Australia, market pulse, audio briefings, and executive insight.",159,The Accounting Intelligence Center,1,590,7,6,15,0,0,Article|BreadcrumbList|CollectionPage|ListItem|Organization,103,
https://dosacc.com/partners/,200,YES,,https://dosacc.com/partners/,,Partner Programme - Referral &amp; White-Label | DiligenceOS,60,"Become a DiligenceOS partner: recurring referral revenue share, white-label bookkeeping and tax production for CPA firms, and alliance partnerships.",148,Become a DiligenceOS partner,1,374,8,7,0,0,0,Answer|BreadcrumbList|FAQPage|ListItem|Organization|Question|WebPage,89,
https://dosacc.com/privacy,200,YES,,https://dosacc.com/privacy,,Privacy Policy | DiligenceOS,28,"How DiligenceOS Global Pvt. Ltd. collects, uses, and protects your personal information, including our use of cookies.",118,Privacy Policy,1,406,18,6,1,0,0,,93,
https://dosacc.com/schedule/,200,YES,,https://dosacc.com/schedule/,,Book a Free Accounting Consultation | DiligenceOS,49,"Book a free 30-minute consultation with DiligenceOS: a clear plan for outsourced bookkeeping, payroll, tax, or CFO support, plus our free close checklist.",154,Book your free 30-minute consultation,1,145,16,5,0,0,0,ContactPage|Organization,93,
https://dosacc.com/services/advisory/,200,YES,,https://dosacc.com/services/advisory/,,Financial Advisory & Part-Time CFO Services | DiligenceOS,57,"Part-time CFO and controller services, KPI analysis, cash-flow management, and financial modelling - CFO-level insight without the full-time cost.",146,Financial Advisory &amp; Part-Time CFO Services for growing businesses,1,432,10,11,0,0,0,Answer|BreadcrumbList|FAQPage|ListItem|Organization|Question|Service,97,
https://dosacc.com/services/bookkeeping/,200,YES,,https://dosacc.com/services/bookkeeping/,,Outsourced Bookkeeping Services for SMBs & CPA Firms | DiligenceOS,66,"Outsourced bookkeeping services: daily transaction recording, bank reconciliations, AP/AR, and an audit-ready monthly close - at up to 75% less than in-house cost.",163,"Outsourced Bookkeeping Services that keep your books accurate, current, and audit-ready",1,457,11,11,0,0,0,Answer|BreadcrumbList|FAQPage|ListItem|Organization|Question|Service,99,
https://dosacc.com/services/forecasting/,200,YES,,https://dosacc.com/services/forecasting/,,Financial Forecasting & Budgeting Services | DiligenceOS,56,"Financial forecasting and budgeting: rolling forecasts, weekly cash-flow projections, scenario models, and KPI dashboards that guide decisions.",143,Financial Forecasting &amp; Strategy that turns your numbers into a plan,1,448,11,11,0,0,0,Answer|BreadcrumbList|FAQPage|ListItem|Organization|Question|Service,99,
https://dosacc.com/services/payroll/,200,YES,,https://dosacc.com/services/payroll/,,Outsourced Payroll Processing Services | DiligenceOS,52,"End-to-end outsourced payroll processing: payroll runs, statutory withholdings, 941/940 filings, W-2s and 1099s, and benefits administration across locations.",158,"Payroll Processing Services that pay your people correctly, on time, every time",1,437,11,11,0,0,0,Answer|BreadcrumbList|FAQPage|ListItem|Organization|Question|Service,89,
https://dosacc.com/terms,200,YES,,https://dosacc.com/terms,,Terms of Service | DiligenceOS,30,"The terms governing your use of the DiligenceOS website and the scope of our bookkeeping, accounting, and advisory services.",124,Terms of Service,1,343,18,7,0,0,0,,89,
https://dosacc.com/us/,200,YES,,https://dosacc.com/us/,,DiligenceOS | US Accounting Services for American Businesses,60,"US accounting services: GAAP-compliant bookkeeping, tax preparation, payroll, and advisory for American businesses - up to 75% less than in-house cost.",151,Precision Accounting for American Enterprise,1,1090,6,59,1,0,0,,92,
